mt_s,alt_km,x_east_km,y_north_km,pitch_deg,roll_deg,azimuth_deg,has_sli,has_mri,has_hri
143.58,142.77,-157.01,-3.27,-8.2,9.1,315.6,True,False,False
146.60,142.64,-156.72,-3.26,-13.1,5.9,226.5,True,True,True
157.45,142.11,-155.68,-3.21,-8,0.5,269.3,False,False,True
169.45,141.45,-154.51,-3.16,-6.4,8.6,292.8,True,False,False
180.26,140.87,-153.44,-3.12,-0.2,4.8,353.8,False,True,True
202.03,139.79,-151.31,-3.03,-0.3,-7.3,143.2,True,False,False
204.77,139.66,-151.04,-3.02,2.0,0.5,71.5,False,True,True
216.68,139.09,-149.87,-2.97,-2.6,-0.3,138.5,True,False,True
229.99,138.41,-148.57,-2.92,2.2,3.9,181.3,True,False,True
255.99,137.17,-146.02,-2.82,-0.2,0.2,314.5,False,False,True
262.31,136.87,-145.40,-2.79,6.9,-7.1,180.7,True,False,False
279.84,136.04,-143.67,-2.72,0.0,-0.1,174.3,False,True,True
285.24,135.78,-143.13,-2.70,2.8,-1.2,68.4,True,False,False
306.26,134.82,-141.05,-2.61,-2.6,5.3,31.5,True,True,False
309.70,134.66,-140.72,-2.60,0.3,-0.5,328.4,False,True,False
320.59,134.16,-139.64,-2.55,-5.6,5.1,145.5,True,True,True
333.18,133.53,-138.41,-2.50,-3.3,-4.3,306.6,True,False,False
343.83,133.05,-137.37,-2.46,-3.8,10.3,150.5,True,True,True
356.28,132.47,-136.15,-2.41,-1.5,-0.6,342.1,True,False,True
367.85,131.93,-135.03,-2.36,-5.4,12.3,197.9,True,False,False
383.16,131.29,-133.59,-2.31,2.4,-2.0,23.8,True,True,False
391.23,130.91,-132.84,-2.27,8.2,-5.3,298.5,True,False,True
401.39,130.44,-131.91,-2.24,2.3,-7.8,197,True,False,False
430.98,129.2,-129.22,-2.12,-0.4,0.3,297.1,False,True,False
784.78,115.34,-95.82,-0.75,-6.4,6.6,82.1,True,True,True
831.20,113.69,-92.38,-0.61,-9,-16,8.2,True,False,True
836.99,113.48,-91.97,-0.59,4.6,-0.2,96.3,True,False,True
846.37,113.15,-91.33,-0.57,10.6,7.5,242.6,True,False,False
867.93,112.40,-89.92,-0.51,12,4.9,234.1,False,True,True
873.60,112.21,-89.57,-0.50,-4.9,-16,330,True,False,False
882.86,111.91,-88.99,-0.47,-5.2,0.5,129.7,False,True,False
893.64,111.54,-88.30,-0.44,2.6,-3.4,318.7,False,True,False
907.53,111.00,-87.36,-0.41,-12,-3.3,214.5,False,True,True
917.53,110.60,-86.74,-0.38,-3.4,-8.5,43.5,True,False,True
928.74,110.06,-86.07,-0.35,4.3,-0.1,267.5,False,False,True
941.11,109.36,-85.36,-0.32,-5.5,-5.7,181.6,True,False,False
955.72,108.44,-84.52,-0.29,-1,2.3,152.7,False,True,False
1408.83,80.259,-65.717,0.486,-3,-4.2,42.2,True,False,True
1411.71,80.117,-65.676,0.488,1.5,3.3,180.6,True,False,False
1433.36,79.082,-65.396,0.499,-4.5,4.3,130.3,False,True,False
1437.01,78.910,-65.354,0.501,4.8,-3.5,302.7,False,True,True
1447.48,78.414,-65.248,0.505,-6,-1.6,77.1,True,False,True
1458.1,77.908,-65.159,0.509,6.1,0.3,208.8,True,False,False
1469.49,77.402,-65.082,0.512,-0.4,-4.2,2.7,False,True,True
1480.66,76.906,-65.019,0.515,3.5,10.0,140.1,True,False,False
1493.82,76.322,-64.951,0.518,0.3,-2.1,347.7,False,True,True
1517.59,75.279,-64.841,0.523,0.6,0.0,263.9,False,True,True
1529,74.786,-64.793,0.525,6.4,0.7,13.3,True,False,False
1957.47,60.524,-54.477,0.884,8.7,-2.9,118.6,True,True,True
2095.63,57.241,-49.487,1.039,2.3,2.3,15.8,True,False,True
2122.82,56.637,-48.548,1.065,1.4,2.4,283.5,True,True,False
2126.01,56.568,-48.44,1.068,0.0,-1.5,358.3,False,True,True
2148.51,56.081,-47.683,1.089,-0.6,1.9,170.6,True,False,False
2152.85,55.988,-47.539,1.093,-0.1,2.3,266,True,True,False
2162.64,55.780,-47.216,1.101,-0.9,0.4,109.3,False,True,False
2173.52,55.549,-46.86,1.110,0.2,-0.8,341.4,False,True,False
2184.68,55.314,-46.494,1.120,0.5,0.5,223.8,False,True,False
2195.83,55.079,-46.132,1.129,-0.6,0.2,102.3,False,True,True
2210.07,54.786,-45.673,1.141,-4,-3.5,41.1,True,False,True
2225.98,54.461,-45.161,1.153,4.1,-1.3,340.8,False,False,True
2563.95,48.272,-35.465,1.325,-1.3,0.0,178.5,True,True,True
2974.12,42.120,-26.208,1.320,1.9,-2.9,229.6,True,False,False
2977.15,42.079,-26.149,1.319,-5,-6.2,276.5,True,True,True
3011.1,41.622,-25.504,1.312,-0.3,-3.9,105.5,True,True,False
3016.8,41.545,-25.397,1.311,-3.4,-3.8,197.6,False,True,False
3025.34,41.430,-25.235,1.309,3.1,4.4,332.4,True,True,False
3043.14,41.193,-24.903,1.305,-1.4,-10,252.7,True,True,True
3059.77,40.974,-24.596,1.300,1.5,0.1,158.6,True,False,True
3066.42,40.887,-24.478,1.299,-2.1,-3.6,268.1,False,False,True
3074.49,40.781,-24.336,1.296,0.6,-0.9,34.4,True,False,False
3093.35,40.534,-24.003,1.291,-5.2,1.0,317.6,False,True,True
3655.21,33.977,-15.655,1.073,-0.9,1.1,258.8,False,True,False
3658.5,33.943,-15.615,1.071,1.0,0.0,304.8,False,True,False
3681.62,33.701,-15.336,1.059,-0.5,-3.6,271.5,False,True,False
3684.94,33.667,-15.296,1.058,1.1,-1.5,319.2,False,True,False
3696.57,33.545,-15.158,1.052,3.8,0.2,117.9,False,True,False
3706.61,33.437,-15.04,1.046,0.3,-2.0,264.9,False,True,False
3719.96,33.298,-14.885,1.039,-5.4,-2.8,91.1,False,True,False
3729.25,33.202,-14.779,1.034,-1.1,-2.6,219.2,False,True,False
3742.74,33.063,-14.629,1.027,5.4,2.4,48.2,False,True,True
3752.89,32.959,-14.515,1.022,-2.7,0.1,189.1,True,False,False
3768.16,32.805,-14.34,1.013,1.8,0.9,55.3,True,True,False
3792.06,32.564,-14.073,1.000,1.8,-4.3,12.3,False,True,True
4340.15,27.443,-9.099,0.658,1.8,3.2,175.5,False,True,False
4344.15,27.408,-9.070,0.655,1.5,-1.7,219.8,False,True,False
4366.22,27.217,-8.914,0.640,-2.6,1.0,101.8,True,True,False
4370.25,27.183,-8.886,0.637,3.2,-4.0,142.4,False,True,True
4382.33,27.081,-8.801,0.628,-1,-1.6,261,True,False,True
4396.65,26.956,-8.701,0.618,-2.8,1.1,51.0,True,False,True
4402.65,26.904,-8.659,0.614,1.1,-0.4,115.5,True,False,True
4422.93,26.729,-8.520,0.599,-2.3,4.6,331.9,True,False,False
4429.09,26.675,-8.477,0.595,1.6,-0.9,34.6,False,True,False
4449.6,26.501,-8.338,0.580,0.6,1.8,254.6,False,True,True
4457.81,26.429,-8.285,0.574,0.4,-1.7,344.1,False,False,True
4493.18,26.130,-8.053,0.548,-1.3,2.7,25.7,True,False,False
4858.38,23.191,-5.789,0.276,-2,2.0,286.1,False,True,True
4863.93,23.147,-5.761,0.272,-0.9,-5.3,346.2,True,False,True
4886.32,22.976,-5.645,0.254,-1.2,1.1,221,True,False,False
4894.79,22.912,-5.600,0.248,2.5,2.2,308.4,False,True,True
4903.31,22.847,-5.556,0.241,-2.7,3.2,35.1,True,False,False
4911.81,22.781,-5.512,0.235,-0.2,-2.4,120.4,True,True,False
4934.45,22.607,-5.394,0.217,-1.6,0.5,344.6,False,True,True
4940.1,22.564,-5.364,0.212,2.3,-1.9,35.9,True,False,False
4948.63,22.500,-5.318,0.206,2.0,-2.7,104.1,False,True,True
4976.89,22.287,-5.163,0.184,2.8,-4.6,284.4,True,False,False
4985.39,22.222,-5.118,0.178,-2,0.2,333.7,True,True,False
5025.22,21.922,-4.914,0.149,1.3,-3.2,276.7,False,True,True
5199.31,20.637,-4.150,0.033,-1.8,-1.8,190.5,True,False,True
5205.08,20.595,-4.126,0.029,-1.3,0.5,251.5,True,False,True
5225.38,20.451,-4.041,0.017,-2.1,0.3,97.0,True,False,False
5237.01,20.370,-3.994,0.011,-2.2,1.5,201.3,False,True,False
5242.85,20.329,-3.969,0.007,2.0,-4.5,253.9,False,True,False
5251.68,20.265,-3.936,0.002,-0.1,3.2,332.9,False,True,True
5263.25,20.182,-3.887,-0.004,1.2,-0.9,73.6,False,False,True
5280.71,20.056,-3.813,-0.014,2.8,-4.1,231.1,False,False,True
5289.46,19.994,-3.777,-0.019,4.1,1.9,318.1,True,False,False
5301.11,19.912,-3.731,-0.025,2.8,0.4,78.2,True,True,True
5318.6,19.786,-3.663,-0.034,-1.6,0.5,263,True,False,False
5327.33,19.724,-3.631,-0.039,-0.9,-0.3,354,False,True,True
5728.7,16.980,-2.189,-0.186,-0.6,-3.4,340,False,True,False
5734.46,16.942,-2.171,-0.187,-0.9,-1.2,34.1,False,True,False
5756.6,16.797,-2.099,-0.191,3.8,0.0,241.3,True,True,False
5764.77,16.743,-2.075,-0.193,2.3,-0.4,317.6,False,True,True
5772.96,16.689,-2.050,-0.195,1.8,0.6,31.8,True,False,False
5783.76,16.618,-2.016,-0.197,-0.6,-1.0,133,True,True,False
5803.19,16.491,-1.955,-0.2,0.2,0.6,324.4,False,True,False
5808.77,16.454,-1.938,-0.201,-1.7,-1.7,18.5,False,True,True
5842.97,16.229,-1.831,-0.206,1.1,-0.8,355.3,False,True,True
5875.8,16.014,-1.726,-0.21,-0.5,-4.0,301.8,False,True,True
6069.61,14.782,-1.163,-0.217,1.7,-0.2,330.3,True,False,True
6074.78,14.750,-1.148,-0.217,-1.4,4.7,14.3,True,False,False
6095.44,14.618,-1.091,-0.216,2.3,-1.4,210.3,False,True,False
6103.19,14.570,-1.069,-0.216,3.4,1.0,283.4,False,True,True
6110.95,14.521,-1.048,-0.215,1.9,0.9,355.4,True,False,False
6121.29,14.457,-1.020,-0.214,-0.5,1.4,96.9,False,True,True
6139.47,14.343,-0.975,-0.213,1.3,0.4,279.6,True,False,False
6147.34,14.295,-0.956,-0.212,-0.8,-0.9,355.5,False,True,True
6155.17,14.246,-0.934,-0.212,-0.2,-0.9,70.9,False,False,True
6181.36,14.085,-0.860,-0.209,1.1,3.8,324.2,True,False,False
6207.69,13.924,-0.787,-0.206,0.4,-2.2,202.1,False,True,True
6223.49,13.827,-0.744,-0.204,0.0,-0.7,343.3,True,False,True
6407.22,12.722,-0.317,-0.187,1.7,-2.2,186.9,True,False,False
6415.39,12.673,-0.299,-0.186,2.0,1.8,263.5,True,True,True
6423.57,12.624,-0.282,-0.186,0.3,0.8,339.3,True,False,True
6445.4,12.492,-0.241,-0.184,-0.7,-0.4,177.3,True,False,True
6450.85,12.461,-0.231,-0.183,-0.5,-1.1,224.6,True,False,True
6461.82,12.397,-0.211,-0.183,1.5,-4.4,315.5,True,False,True
6475.53,12.318,-0.184,-0.181,-2,1.8,63.9,True,False,False
6486.55,12.255,-0.163,-0.181,2.1,-0.5,144.1,False,True,False
6497.56,12.190,-0.142,-0.18,0.6,-1.4,224.2,False,True,True
6525.18,12.029,-0.091,-0.178,3.4,-2.8,89.6,False,False,True
6533.5,11.980,-0.076,-0.177,-2.7,2.8,154.9,True,False,False
6569.52,11.769,-0.012,-0.174,1.6,1.2,108.8,False,True,True
6740.54,10.785,0.250,-0.164,1.0,0.1,76.8,True,False,True
6746.26,10.752,0.258,-0.163,0.1,0.1,122.3,True,False,False
6757.7,10.687,0.273,-0.163,0.8,0.9,218.1,False,True,True
6777.74,10.573,0.300,-0.162,-0.8,0.2,24.0,True,False,False
6783.5,10.540,0.307,-0.162,-0.8,-0.1,69.3,False,True,False
6794.92,10.475,0.322,-0.161,1.3,2.9,159.4,False,True,True
6803.86,10.425,0.332,-0.161,-0.2,1.2,226.3,True,False,False
6832.43,10.263,0.367,-0.159,0.0,-0.9,80.5,False,True,True
6841.08,10.216,0.377,-0.159,1.9,2.1,148.5,True,False,False
6855.49,10.136,0.393,-0.158,2.3,-1.0,263.1,True,True,False
6869.99,10.055,0.409,-0.157,-0.1,-0.6,24.2,False,True,True
6893.26,9.924,0.435,-0.156,1.9,-2.3,203.9,True,False,False
7065.41,8.970,0.589,-0.15,1.5,2.8,206.6,False,True,False
7071.34,8.937,0.593,-0.15,2.3,-1.2,248.4,False,True,False
7083.23,8.871,0.601,-0.149,-0.9,-0.3,336,False,True,True
7110.17,8.722,0.619,-0.149,3.3,1.6,172.7,False,True,False
7122.18,8.658,0.628,-0.148,1.9,-0.8,268.6,False,True,False
7131.18,8.610,0.633,-0.148,-0.2,-2.0,340.9,False,True,True
7149.16,8.511,0.644,-0.148,0.8,0.4,124,True,False,True
7161.18,8.446,0.651,-0.147,2.3,-2.6,219.2,True,False,True
7170.18,8.398,0.656,-0.147,2.2,-3.9,286.3,False,False,True
7188.24,8.302,0.666,-0.147,-0.7,-1.0,61.6,True,False,False
7200.33,8.236,0.672,-0.147,0.4,0.5,153.8,False,True,False
7388.28,7.229,0.738,-0.144,1.4,0.9,87.8,False,True,False
7397.56,7.180,0.740,-0.144,3.5,0.5,156.7,False,True,True
7403.75,7.148,0.741,-0.144,0.7,-2.7,200.7,True,False,False
7428.49,7.017,0.745,-0.144,0.3,-0.1,16.8,False,True,True
7437.76,6.967,0.747,-0.144,0.2,-0.9,83.0,True,False,False
7443.96,6.935,0.748,-0.144,0.2,-0.2,132.2,False,True,False
7456.33,6.870,0.749,-0.144,0.5,-1.1,231.4,False,True,False
7484.38,6.723,0.751,-0.144,0.4,-0.2,66.3,False,True,False
7490.67,6.690,0.752,-0.144,0.7,-0.4,109.9,False,True,True
7525.06,6.511,0.753,-0.144,0.1,0.1,335.6,False,True,True
7534.43,6.463,0.753,-0.144,0.7,-0.5,39.4,True,False,True
7719.49,5.510,0.729,-0.136,-0.7,0.9,25.3,True,False,True
7735.44,5.429,0.725,-0.134,0.2,1.9,138,True,False,False
7741.82,5.396,0.723,-0.134,0.6,-0.8,181.4,False,True,True
7751.4,5.348,0.720,-0.133,0.9,1.0,245.6,True,False,False
7760.98,5.300,0.717,-0.132,1.1,-0.6,309.3,True,True,True
7776.93,5.218,0.712,-0.13,1.0,0.9,55.3,False,False,True
7786.51,5.169,0.709,-0.129,0.0,-1.5,122.1,True,False,True
7802.47,5.089,0.704,-0.127,1.7,1.9,222.8,True,False,True
7821.79,4.993,0.697,-0.124,-1.5,-3.0,355.1,False,True,True
7831.49,4.945,0.693,-0.123,-0.8,0.5,64.5,True,False,True
7844.38,4.880,0.688,-0.121,2.5,0.2,159.8,True,False,False
8229.49,2.993,0.388,-0.039,2.0,-1.7,308,True,False,False
8242.14,2.932,0.363,-0.035,0.0,-0.7,36.0,False,True,False
8278.29,2.757,0.286,-0.026,-0.1,1.5,250,True,False,True
8290.83,2.697,0.261,-0.023,1.2,1.1,333.4,True,False,True
8327.41,2.523,0.200,-0.013,0.3,-0.5,209.4,True,False,True
8339.98,2.462,0.183,-0.01,-0.2,1.7,295.8,True,False,True
8375.91,2.292,0.137,-0.001,-1.4,0.0,185.5,True,False,True
8388.46,2.232,0.122,0.003,0.0,-0.5,256.3,False,True,False
8424.26,2.065,0.087,0.013,1.1,0.8,117.6,True,False,True
8436.78,2.005,0.076,0.017,2.7,-0.8,205.2,True,False,True
8474.16,1.828,0.042,0.028,2.2,-0.7,100.4,True,False,True
8486.66,1.770,0.033,0.031,1.1,-1.4,182.2,False,True,False
8523.05,1.600,0.012,0.042,-2.2,-2.2,82.5,True,False,True
8535.24,1.543,0.006,0.046,-1.4,-2.5,170.8,True,False,True
8572.36,1.372,-0.010,0.057,-1.7,0.0,54.6,True,False,True
8584.89,1.313,-0.016,0.061,1.3,1.4,132.1,True,False,True
8621.05,1.143,-0.032,0.072,1.2,-0.8,32.3,True,False,True
8633.58,1.084,-0.039,0.075,0.2,0.3,121.2,True,False,True
8670.88,0.911,-0.050,0.080,-1,-0.4,355.1,True,False,True
8683.4,0.852,-0.053,0.079,0.5,0.2,76.3,False,True,False
8719.03,0.686,-0.056,0.070,0.3,-1.1,303.9,True,False,True
8731.55,0.629,-0.054,0.065,2.6,-1.0,26.2,True,False,True
8769.42,0.455,-0.044,0.044,-0.2,-0.9,274.4,True,False,True
8782.15,0.397,-0.038,0.038,-0.2,-0.2,8.0,True,False,True
8810.57,0.269,-0.017,0.028,-1.1,-0.7,194.9,False,False,True
8813.58,0.255,-0.014,0.028,0.7,-0.3,213.4,False,False,True
8817.61,0.237,-0.011,0.026,1.0,0.9,237.9,False,False,True
8822.48,0.215,-0.009,0.025,1.6,-0.7,267.3,False,False,True
